{
    "model": "RandomForest",
    "accuracy": 0.9912394393845209,
    "weighted_f1": 0.9919793589681701,
    "confusion_matrix": [
        [
            23,
            63,
            7,
            18,
            39,
            1,
            2,
            1,
            0,
            0
        ],
        [
            64,
            44,
            0,
            32,
            12,
            0,
            9,
            4,
            2,
            0
        ],
        [
            168,
            18,
            380687,
            84,
            481,
            867,
            20,
            5,
            3,
            0
        ],
        [
            61,
            40,
            5,
            423,
            267,
            4,
            22,
            11,
            2,
            0
        ],
        [
            86,
            36,
            10,
            119,
            5453,
            25,
            29,
            202,
            17,
            4
        ],
        [
            59,
            32,
            12,
            7,
            24,
            3987,
            5,
            3,
            0,
            0
        ],
        [
            71,
            23,
            0,
            24,
            34,
            2,
            1038,
            3,
            2,
            1
        ],
        [
            55,
            24,
            0,
            30,
            198,
            4,
            6,
            1917,
            0,
            0
        ],
        [
            0,
            1,
            1,
            1,
            4,
            0,
            4,
            0,
            274,
            0
        ],
        [
            0,
            0,
            0,
            0,
            8,
            0,
            2,
            1,
            0,
            22
        ]
    ],
    "classification_report": {
        "Analysis": {
            "precision": 0.039182282793867124,
            "recall": 0.14935064935064934,
            "f1-score": 0.0620782726045884,
            "support": 154.0
        },
        "Backdoor": {
            "precision": 0.15658362989323843,
            "recall": 0.2634730538922156,
            "f1-score": 0.19642857142857142,
            "support": 167.0
        },
        "Benign": {
            "precision": 0.9999080694049727,
            "recall": 0.995694852393071,
            "f1-score": 0.9977970133214513,
            "support": 382333.0
        },
        "DoS": {
            "precision": 0.573170731707317,
            "recall": 0.5065868263473053,
            "f1-score": 0.5378258105530833,
            "support": 835.0
        },
        "Exploits": {
            "precision": 0.8363496932515337,
            "recall": 0.9117204480856044,
            "f1-score": 0.8724102071834253,
            "support": 5981.0
        },
        "Fuzzers": {
            "precision": 0.8153374233128834,
            "recall": 0.9656091063211432,
            "f1-score": 0.8841334959529882,
            "support": 4129.0
        },
        "Generic": {
            "precision": 0.9129287598944591,
            "recall": 0.8664440734557596,
            "f1-score": 0.8890792291220557,
            "support": 1198.0
        },
        "Reconnaissance": {
            "precision": 0.8928737773637634,
            "recall": 0.8581020590868398,
            "f1-score": 0.8751426614928098,
            "support": 2234.0
        },
        "Shellcode": {
            "precision": 0.9133333333333333,
            "recall": 0.9614035087719298,
            "f1-score": 0.9367521367521368,
            "support": 285.0
        },
        "Worms": {
            "precision": 0.8148148148148148,
            "recall": 0.6666666666666666,
            "f1-score": 0.7333333333333333,
            "support": 33.0
        },
        "accuracy": 0.9912394393845209,
        "macro avg": {
            "precision": 0.6954482515770183,
            "recall": 0.7145051244371186,
            "f1-score": 0.6984980731744443,
            "support": 397349.0
        },
        "weighted avg": {
            "precision": 0.9929631792117227,
            "recall": 0.9912394393845209,
            "f1-score": 0.9919793589681701,
            "support": 397349.0
        }
    }
}