{
    "model": "RandomForest",
    "accuracy": 0.9956058779561544,
    "precision": 0.8967352308060272,
    "recall": 0.9987346830047948,
    "f1_score": 0.9449905482041588,
    "roc_auc": 0.9996430075074471,
    "confusion_matrix": [
        [
            380606,
            1727
        ],
        [
            19,
            14997
        ]
    ],
    "classification_report": {
        "Benign": {
            "precision": 0.9999500821018062,
            "recall": 0.9954829951900568,
            "f1-score": 0.9977115385119495,
            "support": 382333.0
        },
        "Attack": {
            "precision": 0.8967352308060272,
            "recall": 0.9987346830047948,
            "f1-score": 0.9449905482041588,
            "support": 15016.0
        },
        "accuracy": 0.9956058779561544,
        "macro avg": {
            "precision": 0.9483426564539168,
            "recall": 0.9971088390974259,
            "f1-score": 0.9713510433580541,
            "support": 397349.0
        },
        "weighted avg": {
            "precision": 0.996049545779688,
            "recall": 0.9956058779561544,
            "f1-score": 0.9957191882343301,
            "support": 397349.0
        }
    }
}