{
    "model": "XGBoost",
    "accuracy": 0.9930715819091026,
    "weighted_f1": 0.9928841390244866,
    "confusion_matrix": [
        [
            0,
            21,
            82,
            7,
            9,
            5,
            9,
            21,
            0,
            0
        ],
        [
            28,
            44,
            30,
            8,
            18,
            5,
            13,
            18,
            2,
            1
        ],
        [
            8,
            1,
            381705,
            13,
            228,
            358,
            14,
            2,
            3,
            1
        ],
        [
            15,
            30,
            76,
            327,
            316,
            13,
            23,
            32,
            3,
            0
        ],
        [
            15,
            30,
            160,
            60,
            5475,
            20,
            50,
            152,
            17,
            2
        ],
        [
            21,
            25,
            241,
            10,
            12,
            3798,
            8,
            14,
            0,
            0
        ],
        [
            27,
            29,
            25,
            17,
            63,
            7,
            1019,
            8,
            3,
            0
        ],
        [
            16,
            25,
            25,
            13,
            200,
            9,
            9,
            1937,
            0,
            0
        ],
        [
            0,
            1,
            1,
            0,
            10,
            0,
            0,
            0,
            273,
            0
        ],
        [
            0,
            0,
            0,
            0,
            9,
            0,
            6,
            0,
            0,
            18
        ]
    ],
    "classification_report": {
        "Analysis": {
            "precision": 0.0,
            "recall": 0.0,
            "f1-score": 0.0,
            "support": 154.0
        },
        "Backdoor": {
            "precision": 0.21359223300970873,
            "recall": 0.2634730538922156,
            "f1-score": 0.2359249329758713,
            "support": 167.0
        },
        "Benign": {
            "precision": 0.9983261190809347,
            "recall": 0.9983574527963843,
            "f1-score": 0.9983417856928014,
            "support": 382333.0
        },
        "DoS": {
            "precision": 0.7186813186813187,
            "recall": 0.3916167664670659,
            "f1-score": 0.5069767441860465,
            "support": 835.0
        },
        "Exploits": {
            "precision": 0.863564668769716,
            "recall": 0.9153987627487042,
            "f1-score": 0.8887265644022401,
            "support": 5981.0
        },
        "Fuzzers": {
            "precision": 0.901067615658363,
            "recall": 0.9198353112133688,
            "f1-score": 0.9103547459252157,
            "support": 4129.0
        },
        "Generic": {
            "precision": 0.8853171155516942,
            "recall": 0.8505843071786311,
            "f1-score": 0.8676032354193274,
            "support": 1198.0
        },
        "Reconnaissance": {
            "precision": 0.8869047619047619,
            "recall": 0.8670546105640108,
            "f1-score": 0.8768673607967407,
            "support": 2234.0
        },
        "Shellcode": {
            "precision": 0.9069767441860465,
            "recall": 0.9578947368421052,
            "f1-score": 0.931740614334471,
            "support": 285.0
        },
        "Worms": {
            "precision": 0.8181818181818182,
            "recall": 0.5454545454545454,
            "f1-score": 0.6545454545454545,
            "support": 33.0
        },
        "accuracy": 0.9930715819091026,
        "macro avg": {
            "precision": 0.7192612395024363,
            "recall": 0.6709669547157031,
            "f1-score": 0.6871081438278168,
            "support": 397349.0
        },
        "weighted avg": {
            "precision": 0.9929349787571298,
            "recall": 0.9930715819091026,
            "f1-score": 0.9928841390244866,
            "support": 397349.0
        }
    }
}