{
    "model": "XGBoost",
    "accuracy": 0.995789595544471,
    "precision": 0.9010519987977157,
    "recall": 0.9982019179541822,
    "f1_score": 0.9471422703864016,
    "roc_auc": 0.9996852084758583,
    "confusion_matrix": [
        [
            380687,
            1646
        ],
        [
            27,
            14989
        ]
    ],
    "classification_report": {
        "Benign": {
            "precision": 0.9999290806221993,
            "recall": 0.995694852393071,
            "f1-score": 0.9978074745068128,
            "support": 382333.0
        },
        "Attack": {
            "precision": 0.9010519987977157,
            "recall": 0.9982019179541822,
            "f1-score": 0.9471422703864016,
            "support": 15016.0
        },
        "accuracy": 0.995789595544471,
        "macro avg": {
            "precision": 0.9504905397099574,
            "recall": 0.9969483851736266,
            "f1-score": 0.9724748724466072,
            "support": 397349.0
        },
        "weighted avg": {
            "precision": 0.9961924705875033,
            "recall": 0.995789595544471,
            "f1-score": 0.9958928133271645,
            "support": 397349.0
        }
    }
}